{"IcoMoonType":"selection","icons":[{"icon":{"paths":["M663.040 548.198l36.198-36.198-289.638-289.638-72.397 72.397 217.19 217.242-217.19 217.242 72.397 72.397 253.44-253.44z"],"attrs":[],"isMulticolor":false,"isMulticolor2":false,"tags":["cheveron-right"],"grid":20},"attrs":[],"properties":{"id":82,"order":2,"prevSize":20,"code":59648,"name":"cheveron-right"},"setIdx":0,"setId":3,"iconIdx":81}],"height":1024,"metadata":{"name":"icomoon"},"preferences":{"showGlyphs":true,"showQuickUse":true,"showQuickUse2":true,"showSVGs":true,"fontPref":{"prefix":"icon-","metadata":{"fontFamily":"icomoon"},"metrics":{"emSize":1024,"baseline":6.25,"whitespace":50},"embed":false},"imagePref":{"prefix":"icon-","png":true,"useClassSelector":true,"color":0,"bgColor":16777215,"classSelector":".icon"},"historySize":50,"showCodes":true,"gridSize":16}}